/*
Navicat MySQL Data Transfer

Source Server         : 127.0.0.1
Source Server Version : 100113
Source Host           : localhost:3306
Source Database       : webadmin

Target Server Type    : MYSQL
Target Server Version : 100113
File Encoding         : 65001

Date: 2016-10-04 09:39:46
*/

SET FOREIGN_KEY_CHECKS=0;

-- ----------------------------
-- Table structure for spring_session
-- ----------------------------
DROP TABLE IF EXISTS `spring_session`;
CREATE TABLE `spring_session` (
  `SESSION_ID` char(36) NOT NULL,
  `CREATION_TIME` bigint(20) NOT NULL,
  `LAST_ACCESS_TIME` bigint(20) NOT NULL,
  `MAX_INACTIVE_INTERVAL` int(11) NOT NULL,
  `PRINCIPAL_NAME` varchar(100) DEFAULT NULL,
  PRIMARY KEY (`SESSION_ID`),
  KEY `SPRING_SESSION_IX1` (`LAST_ACCESS_TIME`)
) ENGINE=InnoDB DEFAULT CHARSET=utf8;

-- ----------------------------
-- Records of spring_session
-- ----------------------------
INSERT INTO `spring_session` VALUES ('0cf3dfe9-c7c1-45cc-bb2e-d6be196c8cf5', '1475543590503', '1475545132472', '1800', '1');

-- ----------------------------
-- Table structure for spring_session_attributes
-- ----------------------------
DROP TABLE IF EXISTS `spring_session_attributes`;
CREATE TABLE `spring_session_attributes` (
  `SESSION_ID` char(36) NOT NULL,
  `ATTRIBUTE_NAME` varchar(200) NOT NULL,
  `ATTRIBUTE_BYTES` blob,
  PRIMARY KEY (`SESSION_ID`,`ATTRIBUTE_NAME`),
  KEY `SPRING_SESSION_ATTRIBUTES_IX1` (`SESSION_ID`),
  CONSTRAINT `SPRING_SESSION_ATTRIBUTES_FK` FOREIGN KEY (`SESSION_ID`) REFERENCES `spring_session` (`SESSION_ID`) ON DELETE CASCADE
) ENGINE=InnoDB DEFAULT CHARSET=utf8;

-- ----------------------------
-- Records of spring_session_attributes
-- ----------------------------
INSERT INTO `spring_session_attributes` VALUES ('0cf3dfe9-c7c1-45cc-bb2e-d6be196c8cf5', 'SPRING_SECURITY_CONTEXT', 0xACED00057372003D6F72672E737072696E676672616D65776F726B2E73656375726974792E636F72652E636F6E746578742E5365637572697479436F6E74657874496D706C00000000000001900200014C000E61757468656E7469636174696F6E7400324C6F72672F737072696E676672616D65776F726B2F73656375726974792F636F72652F41757468656E7469636174696F6E3B78707372004F6F72672E737072696E676672616D65776F726B2E73656375726974792E61757468656E7469636174696F6E2E557365726E616D6550617373776F726441757468656E7469636174696F6E546F6B656E00000000000001900200024C000B63726564656E7469616C737400124C6A6176612F6C616E672F4F626A6563743B4C00097072696E636970616C71007E0004787200476F72672E737072696E676672616D65776F726B2E73656375726974792E61757468656E7469636174696F6E2E416273747261637441757468656E7469636174696F6E546F6B656ED3AA287E6E47640E0200035A000D61757468656E746963617465644C000B617574686F7269746965737400164C6A6176612F7574696C2F436F6C6C656374696F6E3B4C000764657461696C7371007E0004787001737200266A6176612E7574696C2E436F6C6C656374696F6E7324556E6D6F6469666961626C654C697374FC0F2531B5EC8E100200014C00046C6973747400104C6A6176612F7574696C2F4C6973743B7872002C6A6176612E7574696C2E436F6C6C656374696F6E7324556E6D6F6469666961626C65436F6C6C656374696F6E19420080CB5EF71E0200014C00016371007E00067870737200136A6176612E7574696C2E41727261794C6973747881D21D99C7619D03000149000473697A65787000000016770400000016737200426F72672E737072696E676672616D65776F726B2E73656375726974792E636F72652E617574686F726974792E53696D706C654772616E746564417574686F7269747900000000000001900200014C0004726F6C657400124C6A6176612F6C616E672F537472696E673B787074000A524F4C455F41444D494E7371007E000E740011524F4C455F5359535F444943545F4144447371007E000E740014524F4C455F5359535F444943545F44454C4554457371007E000E740012524F4C455F5359535F444943545F454449547371007E000E740012524F4C455F5359535F444943545F4C4953547371007E000E740011524F4C455F5359535F4D41494E464F524D7371007E000E740011524F4C455F5359535F4D454E555F4144447371007E000E740014524F4C455F5359535F4D454E555F44454C4554457371007E000E740012524F4C455F5359535F4D454E555F454449547371007E000E740012524F4C455F5359535F4D454E555F4C4953547371007E000E740011524F4C455F5359535F524F4C455F4144447371007E000E740018524F4C455F5359535F524F4C455F434F4E4649474D454E557371007E000E740018524F4C455F5359535F524F4C455F434F4E464947555345527371007E000E740014524F4C455F5359535F524F4C455F44454C4554457371007E000E740012524F4C455F5359535F524F4C455F454449547371007E000E740012524F4C455F5359535F524F4C455F4C4953547371007E000E740011524F4C455F5359535F555345525F4144447371007E000E740018524F4C455F5359535F555345525F434F4E464947524F4C457371007E000E740014524F4C455F5359535F555345525F44454C4554457371007E000E740012524F4C455F5359535F555345525F454449547371007E000E740012524F4C455F5359535F555345525F4C4953547371007E000E740009524F4C455F555345527871007E000D737200486F72672E737072696E676672616D65776F726B2E73656375726974792E7765622E61757468656E7469636174696F6E2E57656241757468656E7469636174696F6E44657461696C7300000000000001900200024C000D72656D6F74654164647265737371007E000F4C000973657373696F6E496471007E000F78707400093132372E302E302E3174002464663931373139652D616663642D343731352D396238652D34636163306634646239666670737200326F72672E737072696E676672616D65776F726B2E73656375726974792E636F72652E7573657264657461696C732E5573657200000000000001900200075A00116163636F756E744E6F6E457870697265645A00106163636F756E744E6F6E4C6F636B65645A001563726564656E7469616C734E6F6E457870697265645A0007656E61626C65644C000B617574686F72697469657374000F4C6A6176612F7574696C2F5365743B4C000870617373776F726471007E000F4C0008757365726E616D6571007E000F787001010101737200256A6176612E7574696C2E436F6C6C656374696F6E7324556E6D6F6469666961626C65536574801D92D18F9B80550200007871007E000A737200116A6176612E7574696C2E54726565536574DD98509395ED875B0300007870737200466F72672E737072696E676672616D65776F726B2E73656375726974792E636F72652E7573657264657461696C732E5573657224417574686F72697479436F6D70617261746F720000000000000190020000787077040000001671007E001071007E001271007E001471007E001671007E001871007E001A71007E001C71007E001E71007E002071007E002271007E002471007E002671007E002871007E002A71007E002C71007E002E71007E003071007E003271007E003471007E003671007E003871007E003A787074000131);
INSERT INTO `spring_session_attributes` VALUES ('0cf3dfe9-c7c1-45cc-bb2e-d6be196c8cf5', 'SPRING_SECURITY_SAVED_REQUEST', 0xACED0005737200416F72672E737072696E676672616D65776F726B2E73656375726974792E7765622E7361766564726571756573742E44656661756C7453617665645265717565737478EC5599EE44123B02000E49000A736572766572506F72744C000B636F6E74657874506174687400124C6A6176612F6C616E672F537472696E673B4C0007636F6F6B6965737400154C6A6176612F7574696C2F41727261794C6973743B4C00076865616465727374000F4C6A6176612F7574696C2F4D61703B4C00076C6F63616C657371007E00024C00066D6574686F6471007E00014C000A706172616D657465727371007E00034C000870617468496E666F71007E00014C000B7175657279537472696E6771007E00014C000A7265717565737455524971007E00014C000A7265717565737455524C71007E00014C0006736368656D6571007E00014C000A7365727665724E616D6571007E00014C000B736572766C65745061746871007E0001787000001F907400092F77656261646D696E737200136A6176612E7574696C2E41727261794C6973747881D21D99C7619D03000149000473697A65787000000001770400000001737200396F72672E737072696E676672616D65776F726B2E73656375726974792E7765622E7361766564726571756573742E5361766564436F6F6B696503402B829FC0B4660200084900066D61784167655A000673656375726549000776657273696F6E4C0007636F6D6D656E7471007E00014C0006646F6D61696E71007E00014C00046E616D6571007E00014C00047061746871007E00014C000576616C756571007E00017870FFFFFFFF000000000070707400035F67617074001A4741312E312E3838333634303939312E3134373534393830323778737200116A6176612E7574696C2E547265654D61700CC1F63E2D256AE60300014C000A636F6D70617261746F727400164C6A6176612F7574696C2F436F6D70617261746F723B78707372002A6A6176612E6C616E672E537472696E672443617365496E73656E736974697665436F6D70617261746F7277035C7D5C50E5CE02000078707704000000097400064163636570747371007E00060000000177040000000174004A746578742F68746D6C2C6170706C69636174696F6E2F7868746D6C2B786D6C2C6170706C69636174696F6E2F786D6C3B713D302E392C696D6167652F776562702C2A2F2A3B713D302E387874000F4163636570742D456E636F64696E677371007E000600000001770400000001740013677A69702C206465666C6174652C20736463687874000F4163636570742D4C616E67756167657371007E00060000000177040000000174000E7A682D434E2C7A683B713D302E387874000A436F6E6E656374696F6E7371007E00060000000177040000000174000A6B6565702D616C69766578740006436F6F6B69657371007E00060000000177040000000174001E5F67613D4741312E312E3838333634303939312E3134373534393830323778740004486F73747371007E00060000000177040000000174000E3132372E302E302E313A3830383078740007526566657265727371007E000600000001770400000001740016687474703A2F2F3132372E302E302E313A383038302F78740019557067726164652D496E7365637572652D52657175657374737371007E000600000001770400000001740001317874000A557365722D4167656E747371007E00060000000177040000000174006D4D6F7A696C6C612F352E30202857696E646F7773204E5420362E313B20574F57363429204170706C655765624B69742F3533372E333620284B48544D4C2C206C696B65204765636B6F29204368726F6D652F35332E302E323738352E313136205361666172692F3533372E333678787371007E000600000002770400000002737200106A6176612E7574696C2E4C6F63616C657EF811609C30F9EC03000649000868617368636F64654C0007636F756E74727971007E00014C000A657874656E73696F6E7371007E00014C00086C616E677561676571007E00014C000673637269707471007E00014C000776617269616E7471007E00017870FFFFFFFF740002434E7400007400027A6871007E003071007E0030787371007E002DFFFFFFFF71007E003071007E003071007E003171007E003071007E003078787400034745547371007E000C7077040000000078707074000A2F77656261646D696E2F74001F687474703A2F2F3132372E302E302E313A383038302F77656261646D696E2F740004687474707400093132372E302E302E317400012F);
INSERT INTO `spring_session_attributes` VALUES ('0cf3dfe9-c7c1-45cc-bb2e-d6be196c8cf5', '_menus', 0xACED0005737200136A6176612E7574696C2E41727261794C6973747881D21D99C7619D03000149000473697A6578700000001B77040000001B737200176A6176612E7574696C2E4C696E6B6564486173684D617034C04E5C106CC0FB0200015A000B6163636573734F72646572787200116A6176612E7574696C2E486173684D61700507DAC1C31660D103000246000A6C6F6164466163746F724900097468726573686F6C6478703F4000000000000C770800000010000000097400026964737200116A6176612E6C616E672E496E746567657212E2A0A4F781873802000149000576616C7565787200106A6176612E6C616E672E4E756D62657286AC951D0B94E08B0200007870000000017400046E616D65740006E9A696E9A1B57400066F726465727371007E000874000569636F6E737400086E61762D686F6D6574000475726C7374000123740006697373686F7771007E0008740008617574686E616D6574000074000A75706461746574696D65737200126A6176612E73716C2E54696D657374616D702618D5C80153BF650200014900056E616E6F737872000E6A6176612E7574696C2E44617465686A81014B5974190300007870770800000154AE65CDA0780000000074000775706461746F727400013178007371007E00023F4000000000000C7708000000100000000671007E00057371007E00060000000271007E000974000CE7B3BBE7BB9FE7AEA1E7908671007E000B71007E001A71007E000C7400086E61762D686F6D6571007E000E7400012371007E001071007E000878007371007E00023F4000000000000C7708000000100000000871007E00057371007E00060000000371007E000974000CE8A792E889B2E7AEA1E7908671007E000B7371007E00060000001571007E000C7400086E61762D686F6D6571007E000E7400162F61646D696E2F7379732F726F6C65732F696E646578740008706172656E74696471007E001A71007E001071007E0008740005706E616D6574000CE7B3BBE7BB9FE7AEA1E7908678007371007E00023F4000000000000C7708000000100000000871007E00057371007E00060000000471007E000974000CE88F9CE58D95E7AEA1E7908671007E000B71007E000871007E000C74000071007E000E7400162F61646D696E2F7379732F6D656E75732F696E64657871007E002471007E001A71007E001071007E000871007E002574000CE7B3BBE7BB9FE7AEA1E7908678007371007E00023F4000000000000C7708000000100000000771007E00057371007E00060000000671007E000974000CE794A8E688B7E7AEA1E7908671007E000C74000071007E000E7400162F61646D696E2F7379732F75736572732F696E64657871007E002471007E001A71007E001071007E000871007E002574000CE7B3BBE7BB9FE7AEA1E7908678007371007E00023F4000000000000C7708000000100000000871007E00057371007E00060000000771007E0009740009E4BBAAE8A1A8E79B9871007E000C74000071007E000E74000C2F61646D696E2F696E64657871007E002471007E000871007E001071007E000871007E0011740011524F4C455F5359535F4D41494E464F524D71007E0025740006E9A696E9A1B578007371007E00023F4000000000000C7708000000100000000771007E00057371007E00060000000871007E000974000CE5AD97E585B8E7AEA1E7908671007E000C74000071007E000E7400152F61646D696E2F7379732F646963742F696E64657871007E002471007E001A71007E001071007E000871007E002574000CE7B3BBE7BB9FE7AEA1E7908678007371007E00023F4000000000000C7708000000100000000671007E00057371007E00060000000B71007E000974000CE696B0E5A29EE8A792E889B271007E002471007E001F71007E001071007E000871007E0011740011524F4C455F5359535F524F4C455F41444471007E002574000CE8A792E889B2E7AEA1E7908678007371007E00023F4000000000000C7708000000100000000671007E00057371007E00060000000C71007E000974000CE7BC96E8BE91E8A792E889B271007E002471007E001F71007E001071007E000871007E0011740012524F4C455F5359535F524F4C455F4544495471007E002574000CE8A792E889B2E7AEA1E7908678007371007E00023F4000000000000C7708000000100000000671007E00057371007E00060000000D71007E000974000CE588A0E999A4E8A792E889B271007E002471007E001F71007E001071007E000871007E0011740014524F4C455F5359535F524F4C455F44454C45544571007E002574000CE8A792E889B2E7AEA1E7908678007371007E00023F4000000000000C7708000000100000000671007E00057371007E00060000000E71007E000974000CE9858DE7BDAEE794A8E688B771007E002471007E001F71007E001071007E000871007E0011740018524F4C455F5359535F524F4C455F434F4E4649475553455271007E002574000CE8A792E889B2E7AEA1E7908678007371007E00023F4000000000000C7708000000100000000671007E00057371007E00060000000F71007E000974000CE9858DE7BDAEE88F9CE58D9571007E002471007E001F71007E001071007E000871007E0011740018524F4C455F5359535F524F4C455F434F4E4649474D454E5571007E002574000CE8A792E889B2E7AEA1E7908678007371007E00023F4000000000000C7708000000100000000671007E00057371007E00060000001071007E000974000CE69FA5E79C8BE58897E8A1A871007E002471007E001F71007E001071007E000871007E0011740012524F4C455F5359535F524F4C455F4C49535471007E002574000CE8A792E889B2E7AEA1E7908678007371007E00023F4000000000000C7708000000100000000671007E00057371007E00060000001171007E000974000CE696B0E5A29EE88F9CE58D9571007E002471007E002871007E001071007E000871007E0011740011524F4C455F5359535F4D454E555F41444471007E002574000CE88F9CE58D95E7AEA1E7908678007371007E00023F4000000000000C7708000000100000000671007E00057371007E00060000001271007E000974000CE7BC96E8BE91E88F9CE58D9571007E002471007E002871007E001071007E000871007E0011740012524F4C455F5359535F4D454E555F4544495471007E002574000CE88F9CE58D95E7AEA1E7908678007371007E00023F4000000000000C7708000000100000000671007E00057371007E00060000001371007E000974000CE588A0E999A4E88F9CE58D9571007E002471007E002871007E001071007E000871007E0011740014524F4C455F5359535F4D454E555F44454C45544571007E002574000CE88F9CE58D95E7AEA1E7908678007371007E00023F4000000000000C7708000000100000000671007E00057371007E00060000001471007E000974000CE69FA5E79C8BE88F9CE58D9571007E002471007E002871007E001071007E000871007E0011740012524F4C455F5359535F4D454E555F4C49535471007E002574000CE88F9CE58D95E7AEA1E7908678007371007E00023F4000000000000C7708000000100000000671007E000571007E002171007E000974000CE696B0E5A29EE794A8E688B771007E002471007E002E71007E001071007E000871007E0011740011524F4C455F5359535F555345525F41444471007E002574000CE794A8E688B7E7AEA1E7908678007371007E00023F4000000000000C7708000000100000000671007E00057371007E00060000001671007E000974000CE7BC96E8BE91E794A8E688B771007E002471007E002E71007E001071007E000871007E0011740012524F4C455F5359535F555345525F4544495471007E002574000CE794A8E688B7E7AEA1E7908678007371007E00023F4000000000000C7708000000100000000671007E00057371007E00060000001871007E000974000CE588A0E999A4E794A8E688B771007E002471007E002E71007E001071007E000871007E0011740014524F4C455F5359535F555345525F44454C45544571007E002574000CE794A8E688B7E7AEA1E7908678007371007E00023F4000000000000C7708000000100000000671007E00057371007E00060000001971007E000974000CE9858DE7BDAEE8A792E889B271007E002471007E002E71007E001071007E000871007E0011740018524F4C455F5359535F555345525F434F4E464947524F4C4571007E002574000CE794A8E688B7E7AEA1E7908678007371007E00023F4000000000000C7708000000100000000671007E00057371007E00060000001A71007E000974000FE69FA5E79C8BE4BBAAE8A1A8E79B9871007E002471007E003471007E001071007E000871007E0011740011524F4C455F5359535F4D41494E464F524D71007E0025740009E4BBAAE8A1A8E79B9878007371007E00023F4000000000000C7708000000100000000671007E00057371007E00060000001B71007E000974000CE696B0E5A29EE5AD97E585B871007E002471007E003B71007E001071007E000871007E0011740011524F4C455F5359535F444943545F41444471007E002574000CE5AD97E585B8E7AEA1E7908678007371007E00023F4000000000000C7708000000100000000671007E00057371007E00060000001C71007E000974000CE69FA5E79C8BE5AD97E585B871007E002471007E003B71007E001071007E000871007E0011740012524F4C455F5359535F444943545F4C49535471007E002574000CE5AD97E585B8E7AEA1E7908678007371007E00023F4000000000000C7708000000100000000671007E00057371007E00060000001D71007E000974000CE588A0E999A4E5AD97E585B871007E002471007E003B71007E001071007E000871007E0011740014524F4C455F5359535F444943545F44454C45544571007E002574000CE5AD97E585B8E7AEA1E7908678007371007E00023F4000000000000C7708000000100000000671007E00057371007E00060000001E71007E000974000CE7BC96E8BE91E5AD97E585B871007E002471007E003B71007E001071007E000871007E0011740012524F4C455F5359535F444943545F4544495471007E002574000CE5AD97E585B8E7AEA1E7908678007371007E00023F4000000000000C7708000000100000000671007E00057371007E00060000002171007E000974000CE69FA5E79C8BE794A8E688B771007E002471007E002E71007E001071007E000871007E0011740012524F4C455F5359535F555345525F4C49535471007E002574000CE794A8E688B7E7AEA1E79086780078);
INSERT INTO `spring_session_attributes` VALUES ('0cf3dfe9-c7c1-45cc-bb2e-d6be196c8cf5', '_sid', 0xACED000574000132);
INSERT INTO `spring_session_attributes` VALUES ('0cf3dfe9-c7c1-45cc-bb2e-d6be196c8cf5', '_subid', 0xACED000574000136);

-- ----------------------------
-- Table structure for sys_dict
-- ----------------------------
DROP TABLE IF EXISTS `sys_dict`;
CREATE TABLE `sys_dict` (
  `id` int(11) NOT NULL AUTO_INCREMENT,
  `dictkey` varchar(255) DEFAULT NULL COMMENT '字典键',
  `dictvalues` varchar(255) DEFAULT NULL COMMENT '字典值',
  `dictgroup` varchar(255) DEFAULT NULL COMMENT '字典分组',
  `createtime` datetime DEFAULT NULL,
  `creator` varchar(255) DEFAULT NULL,
  `updatetime` datetime DEFAULT NULL,
  `updator` varchar(255) DEFAULT NULL,
  PRIMARY KEY (`id`),
  UNIQUE KEY `dictkey` (`dictkey`,`dictgroup`)
) ENGINE=InnoDB AUTO_INCREMENT=8 DEFAULT CHARSET=utf8 COMMENT='系统字典表';

-- ----------------------------
-- Records of sys_dict
-- ----------------------------
INSERT INTO `sys_dict` VALUES ('3', 'product', 'WebAdmin', 'product', null, null, null, null);
INSERT INTO `sys_dict` VALUES ('5', '2', '2', '2', null, null, null, null);
INSERT INTO `sys_dict` VALUES ('6', '男', '0', 'sys_user:sex', null, null, null, null);
INSERT INTO `sys_dict` VALUES ('7', '女', '1', 'sys_user:sex', null, null, null, null);

-- ----------------------------
-- Table structure for sys_log
-- ----------------------------
DROP TABLE IF EXISTS `sys_log`;
CREATE TABLE `sys_log` (
  `id` int(11) NOT NULL AUTO_INCREMENT,
  `operator` varchar(255) DEFAULT NULL COMMENT '操作者',
  `log` longtext,
  `operate_time` datetime DEFAULT NULL,
  PRIMARY KEY (`id`)
) ENGINE=InnoDB AUTO_INCREMENT=29 DEFAULT CHARSET=utf8;

-- ----------------------------
-- Records of sys_log
-- ----------------------------
INSERT INTO `sys_log` VALUES ('2', '1', '查看列表', '2016-05-08 16:30:47');
INSERT INTO `sys_log` VALUES ('3', '1', '[删除字典]{\"id\":25,\"dictkey\":\"2\",\"dictvalues\":\"23\",\"dictgroup\":\"2\",\"createtime\":\"May 8, 2016 4:18:56 PM\",\"creator\":\"1\",\"updatetime\":\"May 8, 2016 4:18:59 PM\",\"updator\":\"1\"}', '2016-05-08 16:36:11');
INSERT INTO `sys_log` VALUES ('4', '1', '[????]{\"name\":\"1\",\"orders\":1,\"icons\":\"1\",\"urls\":\"1\",\"isshow\":0,\"authname\":\"\"}', '2016-05-10 23:22:05');
INSERT INTO `sys_log` VALUES ('5', '1', '????{\"name\":\"3\",\"icons\":\"\",\"urls\":\"\",\"isshow\":0,\"authname\":\"\",\"createtime\":\"May 11, 2016 9:21:46 PM\",\"creator\":\"1\"}', '2016-05-11 21:21:48');
INSERT INTO `sys_log` VALUES ('6', '1', '[????]{\"dictkey\":\"2\",\"dictvalues\":\"2\",\"dictgroup\":\"2\",\"createtime\":\"May 11, 2016 9:34:10 PM\",\"creator\":\"1\"}', '2016-05-11 21:34:11');
INSERT INTO `sys_log` VALUES ('7', '1', '[????]{\"id\":1,\"dictkey\":\"2\",\"dictvalues\":\"2\",\"dictgroup\":\"23\",\"updatetime\":\"May 11, 2016 9:34:15 PM\",\"updator\":\"1\"}', '2016-05-11 21:34:15');
INSERT INTO `sys_log` VALUES ('8', '1', '[????]{\"id\":1,\"dictkey\":\"2\",\"dictvalues\":\"2\",\"dictgroup\":\"23\",\"createtime\":\"May 11, 2016 9:34:11 PM\",\"creator\":\"1\",\"updatetime\":\"May 11, 2016 9:34:15 PM\",\"updator\":\"1\"}', '2016-05-11 21:34:18');
INSERT INTO `sys_log` VALUES ('9', '1', '[????]{\"dictkey\":\"3\",\"dictvalues\":\"3\",\"dictgroup\":\"3\",\"createtime\":\"May 11, 2016 9:34:25 PM\",\"creator\":\"1\"}', '2016-05-11 21:34:25');
INSERT INTO `sys_log` VALUES ('10', '1', '[????]{\"name\":\"22\",\"icons\":\"\",\"urls\":\"22\",\"authname\":\"\",\"createtime\":\"May 13, 2016 8:39:04 PM\",\"creator\":\"1\"}', '2016-05-13 20:39:04');
INSERT INTO `sys_log` VALUES ('11', '1', '[????]{\"id\":34,\"name\":\"22\",\"icons\":\"\",\"urls\":\"22\",\"isshow\":1,\"authname\":\"\",\"createtime\":\"May 13, 2016 8:39:04 PM\",\"creator\":\"1\"}', '2016-05-13 20:39:33');
INSERT INTO `sys_log` VALUES ('12', '1', '[????]{\"name\":\"2\",\"icons\":\"\",\"urls\":\"2\",\"isshow\":0,\"authname\":\"2\",\"createtime\":\"May 13, 2016 8:39:47 PM\",\"creator\":\"1\"}', '2016-05-13 20:39:48');
INSERT INTO `sys_log` VALUES ('13', '1', '[????]{\"name\":\"2222\",\"icons\":\"\",\"urls\":\"2\",\"isshow\":0,\"authname\":\"2\",\"updatetime\":\"May 13, 2016 8:43:06 PM\",\"updator\":\"1\"}', '2016-05-13 20:43:07');
INSERT INTO `sys_log` VALUES ('14', '1', '[????]{\"name\":\"2222\",\"icons\":\"\",\"urls\":\"2\",\"isshow\":0,\"authname\":\"2\",\"updatetime\":\"May 13, 2016 8:43:41 PM\",\"updator\":\"1\"}', '2016-05-13 20:43:41');
INSERT INTO `sys_log` VALUES ('15', '1', '[????]{\"id\":35,\"name\":\"22\",\"icons\":\"\",\"urls\":\"2\",\"isshow\":0,\"authname\":\"2\",\"updatetime\":\"May 13, 2016 8:44:22 PM\",\"updator\":\"1\"}', '2016-05-13 20:44:22');
INSERT INTO `sys_log` VALUES ('16', '1', '[????]{\"id\":35,\"name\":\"2233\",\"icons\":\"\",\"urls\":\"2\",\"isshow\":0,\"authname\":\"2\",\"updatetime\":\"May 13, 2016 8:44:35 PM\",\"updator\":\"1\"}', '2016-05-13 20:44:36');
INSERT INTO `sys_log` VALUES ('17', '1', '[????]{\"id\":35,\"name\":\"2233\",\"icons\":\"\",\"urls\":\"2\",\"isshow\":0,\"authname\":\"2\",\"createtime\":\"May 13, 2016 8:39:48 PM\",\"creator\":\"1\",\"updatetime\":\"May 13, 2016 8:44:36 PM\",\"updator\":\"1\"}', '2016-05-13 20:44:38');
INSERT INTO `sys_log` VALUES ('18', '1', '[????]{\"name\":\"4\",\"icons\":\"\",\"urls\":\"4\",\"isshow\":1,\"authname\":\"4\",\"createtime\":\"May 14, 2016 4:11:39 PM\",\"creator\":\"1\"}', '2016-05-14 16:11:40');
INSERT INTO `sys_log` VALUES ('19', '1', '[????]{\"id\":34,\"name\":\"42\",\"icons\":\"\",\"urls\":\"4\",\"isshow\":0,\"authname\":\"4\",\"updatetime\":\"May 14, 2016 4:11:46 PM\",\"updator\":\"1\"}', '2016-05-14 16:11:47');
INSERT INTO `sys_log` VALUES ('20', '1', '[????]{\"id\":34,\"name\":\"42\",\"icons\":\"\",\"urls\":\"4\",\"isshow\":0,\"authname\":\"4\",\"createtime\":\"May 14, 2016 4:11:40 PM\",\"creator\":\"1\",\"updatetime\":\"May 14, 2016 4:11:47 PM\",\"updator\":\"1\"}', '2016-05-14 16:11:51');
INSERT INTO `sys_log` VALUES ('21', '1', '[????]{\"id\":1,\"name\":\"??\",\"orders\":1,\"icons\":\"nav-home\",\"urls\":\"#\",\"isshow\":1,\"authname\":\"\",\"updatetime\":\"May 14, 2016 4:22:20 PM\",\"updator\":\"1\"}', '2016-05-14 16:22:21');
INSERT INTO `sys_log` VALUES ('22', '1', '[编辑菜单]{\"id\":1,\"name\":\"首页\",\"orders\":1,\"icons\":\"nav-home\",\"urls\":\"#\",\"isshow\":1,\"authname\":\"\",\"updatetime\":\"May 14, 2016 4:33:07 PM\",\"updator\":\"1\"}', '2016-05-14 16:33:08');
INSERT INTO `sys_log` VALUES ('23', '1', '[新增角色]{\"name\":\"4,3\",\"comment\":\"4,3\",\"createtime\":\"May 14, 2016 5:11:43 PM\",\"creator\":\"1\"}', '2016-05-14 17:11:44');
INSERT INTO `sys_log` VALUES ('24', '1', '[删除角色]{\"id\":4,\"name\":\"4,3\",\"comment\":\"4,3\",\"createtime\":\"May 14, 2016 5:11:43 PM\",\"creator\":\"1\"}', '2016-05-14 17:11:51');
INSERT INTO `sys_log` VALUES ('25', '1', '[新增角色]{\"name\":\"4\",\"comment\":\"4\",\"createtime\":\"May 14, 2016 5:14:31 PM\",\"creator\":\"1\"}', '2016-05-14 17:14:31');
INSERT INTO `sys_log` VALUES ('26', '1', '[编辑角色]{\"id\":5,\"name\":\"43\",\"comment\":\"4\",\"updatetime\":\"May 14, 2016 5:16:17 PM\",\"updator\":\"1\"}', '2016-05-14 17:16:18');
INSERT INTO `sys_log` VALUES ('27', '1', '[新增用户]{\"name\":\"333\",\"comment\":\"\",\"enabled\":1,\"password\":\"c4ca4238a0b923820dcc509a6f75849b\",\"accounts\":\"1\",\"createtime\":\"May 15, 2016 3:49:29 PM\",\"creator\":\"1\"}', '2016-05-15 15:49:29');
INSERT INTO `sys_log` VALUES ('28', '1', '[编辑用户]{\"id\":4,\"name\":\"3333\",\"comment\":\"\",\"enabled\":1,\"password\":\"c4ca4238a0b923820dcc509a6f75849b\",\"accounts\":\"1\",\"updatetime\":\"May 15, 2016 3:49:47 PM\",\"updator\":\"1\"}', '2016-05-15 15:49:47');

-- ----------------------------
-- Table structure for sys_menu
-- ----------------------------
DROP TABLE IF EXISTS `sys_menu`;
CREATE TABLE `sys_menu` (
  `id` int(11) NOT NULL AUTO_INCREMENT,
  `name` varchar(255) DEFAULT NULL COMMENT '菜单名称',
  `orders` int(11) DEFAULT NULL COMMENT '菜单排序',
  `icons` varchar(255) DEFAULT NULL COMMENT '菜单图标',
  `urls` varchar(255) DEFAULT NULL COMMENT '菜单地址',
  `parentid` int(11) DEFAULT NULL COMMENT '上级菜单ID',
  `isshow` int(11) DEFAULT NULL COMMENT '是否显示 0 是 1 否',
  `authname` varchar(255) DEFAULT NULL COMMENT '权限注解',
  `createtime` datetime DEFAULT NULL,
  `creator` varchar(255) DEFAULT NULL,
  `updatetime` datetime DEFAULT NULL,
  `updator` varchar(255) DEFAULT NULL,
  PRIMARY KEY (`id`),
  KEY `parentid` (`parentid`),
  KEY `authname` (`authname`),
  CONSTRAINT `sys_menu_ibfk_1` FOREIGN KEY (`parentid`) REFERENCES `sys_menu` (`id`) ON DELETE CASCADE ON UPDATE CASCADE
) ENGINE=InnoDB AUTO_INCREMENT=34 DEFAULT CHARSET=utf8 COMMENT='系统菜单表';

-- ----------------------------
-- Records of sys_menu
-- ----------------------------
INSERT INTO `sys_menu` VALUES ('1', '首页', '1', 'nav-home', '#', null, '1', '', null, null, '2016-05-14 16:33:08', '1');
INSERT INTO `sys_menu` VALUES ('2', '系统管理', '2', 'nav-home', '#', null, '1', null, null, null, null, null);
INSERT INTO `sys_menu` VALUES ('3', '角色管理', '21', 'nav-home', '/admin/sys/roles/index', '2', '1', null, null, null, null, null);
INSERT INTO `sys_menu` VALUES ('4', '菜单管理', '1', '', '/admin/sys/menus/index', '2', '1', null, null, null, null, null);
INSERT INTO `sys_menu` VALUES ('6', '用户管理', null, '', '/admin/sys/users/index', '2', '1', null, null, null, null, null);
INSERT INTO `sys_menu` VALUES ('7', '仪表盘', null, '', '/admin/index', '1', '1', 'ROLE_SYS_MAINFORM', null, null, null, null);
INSERT INTO `sys_menu` VALUES ('8', '字典管理', null, '', '/admin/sys/dict/index', '2', '1', null, null, null, null, null);
INSERT INTO `sys_menu` VALUES ('11', '新增角色', null, null, null, '3', '1', 'ROLE_SYS_ROLE_ADD', null, null, null, null);
INSERT INTO `sys_menu` VALUES ('12', '编辑角色', null, null, null, '3', '1', 'ROLE_SYS_ROLE_EDIT', null, null, null, null);
INSERT INTO `sys_menu` VALUES ('13', '删除角色', null, null, null, '3', '1', 'ROLE_SYS_ROLE_DELETE', null, null, null, null);
INSERT INTO `sys_menu` VALUES ('14', '配置用户', null, null, null, '3', '1', 'ROLE_SYS_ROLE_CONFIGUSER', null, null, null, null);
INSERT INTO `sys_menu` VALUES ('15', '配置菜单', null, null, null, '3', '1', 'ROLE_SYS_ROLE_CONFIGMENU', null, null, null, null);
INSERT INTO `sys_menu` VALUES ('16', '查看列表', null, null, null, '3', '1', 'ROLE_SYS_ROLE_LIST', null, null, null, null);
INSERT INTO `sys_menu` VALUES ('17', '新增菜单', null, null, null, '4', '1', 'ROLE_SYS_MENU_ADD', null, null, null, null);
INSERT INTO `sys_menu` VALUES ('18', '编辑菜单', null, null, null, '4', '1', 'ROLE_SYS_MENU_EDIT', null, null, null, null);
INSERT INTO `sys_menu` VALUES ('19', '删除菜单', null, null, null, '4', '1', 'ROLE_SYS_MENU_DELETE', null, null, null, null);
INSERT INTO `sys_menu` VALUES ('20', '查看菜单', null, null, null, '4', '1', 'ROLE_SYS_MENU_LIST', null, null, null, null);
INSERT INTO `sys_menu` VALUES ('21', '新增用户', null, null, null, '6', '1', 'ROLE_SYS_USER_ADD', null, null, null, null);
INSERT INTO `sys_menu` VALUES ('22', '编辑用户', null, null, null, '6', '1', 'ROLE_SYS_USER_EDIT', null, null, null, null);
INSERT INTO `sys_menu` VALUES ('24', '删除用户', null, null, null, '6', '1', 'ROLE_SYS_USER_DELETE', null, null, null, null);
INSERT INTO `sys_menu` VALUES ('25', '配置角色', null, null, null, '6', '1', 'ROLE_SYS_USER_CONFIGROLE', null, null, null, null);
INSERT INTO `sys_menu` VALUES ('26', '查看仪表盘', null, null, null, '7', '1', 'ROLE_SYS_MAINFORM', null, null, null, null);
INSERT INTO `sys_menu` VALUES ('27', '新增字典', null, null, null, '8', '1', 'ROLE_SYS_DICT_ADD', null, null, null, null);
INSERT INTO `sys_menu` VALUES ('28', '查看字典', null, null, null, '8', '1', 'ROLE_SYS_DICT_LIST', null, null, null, null);
INSERT INTO `sys_menu` VALUES ('29', '删除字典', null, null, null, '8', '1', 'ROLE_SYS_DICT_DELETE', null, null, null, null);
INSERT INTO `sys_menu` VALUES ('30', '编辑字典', null, null, null, '8', '1', 'ROLE_SYS_DICT_EDIT', null, null, null, null);
INSERT INTO `sys_menu` VALUES ('31', '系统权限-管理员', null, null, null, null, '2', 'ROLE_ADMIN', null, null, null, null);
INSERT INTO `sys_menu` VALUES ('32', '系统权限-用户', null, null, null, null, '2', 'ROLE_USER', null, null, null, null);
INSERT INTO `sys_menu` VALUES ('33', '查看用户', null, null, null, '6', '1', 'ROLE_SYS_USER_LIST', null, null, null, null);

-- ----------------------------
-- Table structure for sys_role
-- ----------------------------
DROP TABLE IF EXISTS `sys_role`;
CREATE TABLE `sys_role` (
  `id` int(11) NOT NULL AUTO_INCREMENT,
  `name` varchar(255) DEFAULT NULL COMMENT '角色名称',
  `comment` varchar(255) DEFAULT NULL COMMENT '角色备注',
  `createtime` datetime DEFAULT NULL,
  `creator` varchar(255) DEFAULT NULL,
  `updatetime` datetime DEFAULT NULL,
  `updator` varchar(255) DEFAULT NULL,
  PRIMARY KEY (`id`)
) ENGINE=InnoDB AUTO_INCREMENT=6 DEFAULT CHARSET=utf8 COMMENT='系统角色表';

-- ----------------------------
-- Records of sys_role
-- ----------------------------
INSERT INTO `sys_role` VALUES ('1', '系统管理员', '系统管理员', null, null, null, null);
INSERT INTO `sys_role` VALUES ('3', '3', '3', null, null, null, null);
INSERT INTO `sys_role` VALUES ('5', '43', '4', '2016-05-14 17:14:31', '1', '2016-05-14 17:16:18', '1');

-- ----------------------------
-- Table structure for sys_role_auth
-- ----------------------------
DROP TABLE IF EXISTS `sys_role_auth`;
CREATE TABLE `sys_role_auth` (
  `id` int(11) NOT NULL AUTO_INCREMENT,
  `roleid` int(11) DEFAULT NULL COMMENT '角色id',
  `authname` varchar(255) DEFAULT NULL COMMENT '角色权限',
  `desc` varchar(255) DEFAULT NULL COMMENT '描述',
  PRIMARY KEY (`id`),
  KEY `sys_role_auth_ibfk_1` (`authname`),
  KEY `roleid` (`roleid`),
  CONSTRAINT `sys_role_auth_ibfk_1` FOREIGN KEY (`authname`) REFERENCES `sys_menu` (`authname`) ON DELETE CASCADE ON UPDATE CASCADE,
  CONSTRAINT `sys_role_auth_ibfk_2` FOREIGN KEY (`roleid`) REFERENCES `sys_role` (`id`) ON DELETE CASCADE ON UPDATE CASCADE
) ENGINE=InnoDB AUTO_INCREMENT=54 DEFAULT CHARSET=utf8 COMMENT='角色权限记录表';

-- ----------------------------
-- Records of sys_role_auth
-- ----------------------------
INSERT INTO `sys_role_auth` VALUES ('1', '1', 'ROLE_ADMIN', null);
INSERT INTO `sys_role_auth` VALUES ('2', '1', 'ROLE_USER', null);
INSERT INTO `sys_role_auth` VALUES ('4', '1', 'ROLE_SYS_DICT_ADD', null);
INSERT INTO `sys_role_auth` VALUES ('5', '1', 'ROLE_SYS_DICT_EDIT', null);
INSERT INTO `sys_role_auth` VALUES ('6', '1', 'ROLE_SYS_DICT_DELETE', null);
INSERT INTO `sys_role_auth` VALUES ('7', '1', 'ROLE_SYS_DICT_LIST', null);
INSERT INTO `sys_role_auth` VALUES ('8', '1', 'ROLE_SYS_MAINFORM', null);
INSERT INTO `sys_role_auth` VALUES ('9', '1', 'ROLE_SYS_MENU_LIST', null);
INSERT INTO `sys_role_auth` VALUES ('10', '1', 'ROLE_SYS_MENU_ADD', null);
INSERT INTO `sys_role_auth` VALUES ('11', '1', 'ROLE_SYS_MENU_EDIT', null);
INSERT INTO `sys_role_auth` VALUES ('12', '1', 'ROLE_SYS_MENU_DELETE', null);
INSERT INTO `sys_role_auth` VALUES ('13', '1', 'ROLE_SYS_ROLE_LIST', null);
INSERT INTO `sys_role_auth` VALUES ('14', '1', 'ROLE_SYS_ROLE_ADD', null);
INSERT INTO `sys_role_auth` VALUES ('15', '1', 'ROLE_SYS_ROLE_EDIT', null);
INSERT INTO `sys_role_auth` VALUES ('16', '1', 'ROLE_SYS_ROLE_DELETE', null);
INSERT INTO `sys_role_auth` VALUES ('17', '1', 'ROLE_SYS_ROLE_CONFIGUSER', null);
INSERT INTO `sys_role_auth` VALUES ('18', '1', 'ROLE_SYS_ROLE_CONFIGMENU', null);
INSERT INTO `sys_role_auth` VALUES ('19', '1', 'ROLE_SYS_USER_LIST', null);
INSERT INTO `sys_role_auth` VALUES ('20', '1', 'ROLE_SYS_USER_ADD', null);
INSERT INTO `sys_role_auth` VALUES ('21', '1', 'ROLE_SYS_USER_EDIT', null);
INSERT INTO `sys_role_auth` VALUES ('22', '1', 'ROLE_SYS_USER_DELETE', null);
INSERT INTO `sys_role_auth` VALUES ('23', '1', 'ROLE_SYS_USER_CONFIGROLE', null);
INSERT INTO `sys_role_auth` VALUES ('26', '3', 'ROLE_SYS_MAINFORM', null);
INSERT INTO `sys_role_auth` VALUES ('27', '3', 'ROLE_SYS_MAINFORM', null);
INSERT INTO `sys_role_auth` VALUES ('28', '3', null, null);
INSERT INTO `sys_role_auth` VALUES ('29', '3', 'ROLE_SYS_ROLE_ADD', null);
INSERT INTO `sys_role_auth` VALUES ('30', '3', 'ROLE_SYS_ROLE_EDIT', null);
INSERT INTO `sys_role_auth` VALUES ('31', '3', 'ROLE_SYS_ROLE_DELETE', null);
INSERT INTO `sys_role_auth` VALUES ('32', '3', 'ROLE_SYS_ROLE_CONFIGUSER', null);
INSERT INTO `sys_role_auth` VALUES ('33', '3', 'ROLE_SYS_ROLE_CONFIGMENU', null);
INSERT INTO `sys_role_auth` VALUES ('34', '3', null, null);
INSERT INTO `sys_role_auth` VALUES ('35', '3', 'ROLE_SYS_MENU_ADD', null);
INSERT INTO `sys_role_auth` VALUES ('36', '3', 'ROLE_SYS_MENU_EDIT', null);
INSERT INTO `sys_role_auth` VALUES ('37', '3', 'ROLE_SYS_MENU_DELETE', null);
INSERT INTO `sys_role_auth` VALUES ('38', '3', 'ROLE_SYS_MENU_LIST', null);
INSERT INTO `sys_role_auth` VALUES ('39', '3', null, null);
INSERT INTO `sys_role_auth` VALUES ('40', '3', 'ROLE_SYS_USER_ADD', null);
INSERT INTO `sys_role_auth` VALUES ('41', '3', 'ROLE_SYS_USER_EDIT', null);
INSERT INTO `sys_role_auth` VALUES ('42', '3', 'ROLE_SYS_USER_DELETE', null);
INSERT INTO `sys_role_auth` VALUES ('43', '3', 'ROLE_SYS_USER_CONFIGROLE', null);
INSERT INTO `sys_role_auth` VALUES ('44', '3', 'ROLE_SYS_USER_LIST', null);
INSERT INTO `sys_role_auth` VALUES ('45', '3', null, null);
INSERT INTO `sys_role_auth` VALUES ('46', '3', 'ROLE_SYS_DICT_ADD', null);
INSERT INTO `sys_role_auth` VALUES ('47', '3', 'ROLE_SYS_DICT_LIST', null);
INSERT INTO `sys_role_auth` VALUES ('48', '3', 'ROLE_SYS_DICT_DELETE', null);
INSERT INTO `sys_role_auth` VALUES ('49', '3', 'ROLE_SYS_DICT_EDIT', null);
INSERT INTO `sys_role_auth` VALUES ('50', '3', 'ROLE_USER', null);
INSERT INTO `sys_role_auth` VALUES ('51', '5', 'ROLE_SYS_MAINFORM', null);
INSERT INTO `sys_role_auth` VALUES ('52', '5', 'ROLE_SYS_MAINFORM', null);
INSERT INTO `sys_role_auth` VALUES ('53', null, 'ROLE_USER', null);

-- ----------------------------
-- Table structure for sys_role_menu
-- ----------------------------
DROP TABLE IF EXISTS `sys_role_menu`;
CREATE TABLE `sys_role_menu` (
  `id` int(11) NOT NULL AUTO_INCREMENT,
  `menuid` int(11) DEFAULT NULL,
  `roleid` int(11) DEFAULT NULL,
  PRIMARY KEY (`id`),
  KEY `menuid` (`menuid`),
  KEY `roleid` (`roleid`),
  CONSTRAINT `sys_role_menu_ibfk_1` FOREIGN KEY (`menuid`) REFERENCES `sys_menu` (`id`) ON DELETE CASCADE ON UPDATE CASCADE,
  CONSTRAINT `sys_role_menu_ibfk_2` FOREIGN KEY (`roleid`) REFERENCES `sys_role` (`id`) ON DELETE CASCADE ON UPDATE CASCADE
) ENGINE=InnoDB AUTO_INCREMENT=35 DEFAULT CHARSET=utf8 COMMENT='角色菜单关系表';

-- ----------------------------
-- Records of sys_role_menu
-- ----------------------------
INSERT INTO `sys_role_menu` VALUES ('4', '3', '1');
INSERT INTO `sys_role_menu` VALUES ('5', '4', '1');
INSERT INTO `sys_role_menu` VALUES ('6', '6', '1');
INSERT INTO `sys_role_menu` VALUES ('9', '7', '3');
INSERT INTO `sys_role_menu` VALUES ('10', '26', '3');
INSERT INTO `sys_role_menu` VALUES ('11', '3', '3');
INSERT INTO `sys_role_menu` VALUES ('12', '11', '3');
INSERT INTO `sys_role_menu` VALUES ('13', '12', '3');
INSERT INTO `sys_role_menu` VALUES ('14', '13', '3');
INSERT INTO `sys_role_menu` VALUES ('15', '14', '3');
INSERT INTO `sys_role_menu` VALUES ('16', '15', '3');
INSERT INTO `sys_role_menu` VALUES ('17', '4', '3');
INSERT INTO `sys_role_menu` VALUES ('18', '17', '3');
INSERT INTO `sys_role_menu` VALUES ('19', '18', '3');
INSERT INTO `sys_role_menu` VALUES ('20', '19', '3');
INSERT INTO `sys_role_menu` VALUES ('21', '20', '3');
INSERT INTO `sys_role_menu` VALUES ('22', '6', '3');
INSERT INTO `sys_role_menu` VALUES ('23', '21', '3');
INSERT INTO `sys_role_menu` VALUES ('24', '22', '3');
INSERT INTO `sys_role_menu` VALUES ('25', '24', '3');
INSERT INTO `sys_role_menu` VALUES ('26', '25', '3');
INSERT INTO `sys_role_menu` VALUES ('27', '33', '3');
INSERT INTO `sys_role_menu` VALUES ('28', '8', '3');
INSERT INTO `sys_role_menu` VALUES ('29', '27', '3');
INSERT INTO `sys_role_menu` VALUES ('30', '28', '3');
INSERT INTO `sys_role_menu` VALUES ('31', '29', '3');
INSERT INTO `sys_role_menu` VALUES ('32', '30', '3');
INSERT INTO `sys_role_menu` VALUES ('33', '7', '5');
INSERT INTO `sys_role_menu` VALUES ('34', '26', '5');

-- ----------------------------
-- Table structure for sys_role_user
-- ----------------------------
DROP TABLE IF EXISTS `sys_role_user`;
CREATE TABLE `sys_role_user` (
  `id` int(11) NOT NULL AUTO_INCREMENT,
  `userid` int(11) DEFAULT NULL,
  `roleid` int(11) DEFAULT NULL,
  PRIMARY KEY (`id`),
  KEY `roleid` (`roleid`),
  KEY `userid` (`userid`),
  CONSTRAINT `sys_role_user_ibfk_2` FOREIGN KEY (`roleid`) REFERENCES `sys_role` (`id`) ON DELETE CASCADE ON UPDATE CASCADE,
  CONSTRAINT `sys_role_user_ibfk_3` FOREIGN KEY (`userid`) REFERENCES `sys_user` (`id`) ON DELETE CASCADE ON UPDATE CASCADE
) ENGINE=InnoDB AUTO_INCREMENT=15 DEFAULT CHARSET=utf8 COMMENT='角色用户关系表';

-- ----------------------------
-- Records of sys_role_user
-- ----------------------------
INSERT INTO `sys_role_user` VALUES ('3', '1', '1');
INSERT INTO `sys_role_user` VALUES ('5', '3', '1');
INSERT INTO `sys_role_user` VALUES ('8', '1', '5');
INSERT INTO `sys_role_user` VALUES ('9', '4', '5');

-- ----------------------------
-- Table structure for sys_user
-- ----------------------------
DROP TABLE IF EXISTS `sys_user`;
CREATE TABLE `sys_user` (
  `id` int(11) NOT NULL AUTO_INCREMENT,
  `name` varchar(255) DEFAULT NULL,
  `comment` varchar(255) DEFAULT NULL,
  `enabled` int(11) DEFAULT NULL,
  `password` varchar(255) DEFAULT NULL,
  `accounts` varchar(255) DEFAULT NULL,
  `createtime` datetime DEFAULT NULL,
  `creator` varchar(255) DEFAULT NULL,
  `updatetime` datetime DEFAULT NULL,
  `updator` varchar(255) DEFAULT NULL,
  `sex` varchar(255) DEFAULT NULL,
  `tel` varchar(255) DEFAULT NULL,
  PRIMARY KEY (`id`),
  KEY `accounts` (`accounts`)
) ENGINE=InnoDB AUTO_INCREMENT=8 DEFAULT CHARSET=utf8 COMMENT='用户表';

-- ----------------------------
-- Records of sys_user
-- ----------------------------
INSERT INTO `sys_user` VALUES ('1', '1', '1', '1', 'c4ca4238a0b923820dcc509a6f75849b', '1', null, null, null, null, null, null);
INSERT INTO `sys_user` VALUES ('3', '2', '2', '1', 'c81e728d9d4c2f636f067f89cc14862c', '2', null, null, null, null, null, null);
INSERT INTO `sys_user` VALUES ('4', '3333', '', '1', 'c4ca4238a0b923820dcc509a6f75849b', '1', '2016-05-15 15:49:29', '1', '2016-05-15 15:49:47', '1', null, null);
